Subzone,Total,Below 20 Years,20 to 49 Years,50 to 64 Years,65 Years & Above
ADMIRALTY,13540,2870,5870,3020,1780
AIRPORT ROAD,0,0,0,0,0
ALEXANDRA HILL,12890,1860,4470,2880,3680
ALEXANDRA NORTH,2870,650,1410,570,240
ALJUNIED,43220,6680,18190,9000,9350
ANAK BUKIT,22970,4560,8920,4690,4800
ANCHORVALE,51330,13670,23340,8850,5470
ANG MO KIO TOWN CENTRE,4860,930,1960,1060,910
ANSON,0,0,0,0,0
BAHAR,0,0,0,0,0
BALESTIER,32690,5350,13270,7200,6870
BANGKIT,21020,3020,8090,5320,4590
BAYFRONT SUBZONE,0,0,0,0,0
BAYSHORE,8010,1730,3180,1900,1200
BEDOK NORTH,81570,12340,30580,18940,19710
BEDOK RESERVOIR,25200,4750,10480,5490,4480
BEDOK SOUTH,48380,7700,18080,10730,11870
BENCOOLEN,1340,150,510,340,340
BENDEMEER,36820,6110,14900,7260,8550
BENOI SECTOR,0,0,0,0,0
BIDADARI,7560,1930,4200,760,670
BISHAN EAST,27480,4250,10610,5930,6690
BOAT QUAY,180,30,80,40,30
BOON KENG,12000,1640,4930,2530,2900
BOON LAY PLACE,29540,5890,12560,6440,4650
BOON TECK,14590,2500,5380,3050,3660
BOULEVARD,540,90,220,120,110
BRADDELL,9530,1600,3460,2140,2330
BRAS BASAH,0,0,0,0,0
BRICKLAND,0,0,0,0,0
BRICKWORKS,31100,9040,15210,4440,2410
BUGIS,1160,90,590,240,240
BUKIT BATOK CENTRAL,27340,4990,10910,5970,5470
BUKIT BATOK EAST,12070,1580,4600,2970,2920
BUKIT BATOK SOUTH,14530,2610,6220,3380,2320
BUKIT BATOK WEST,14370,2430,5770,3210,2960
BUKIT HO SWEE,13450,1770,4740,2980,3960
BUKIT MERAH,1010,140,350,240,280
CAIRNHILL,4630,1040,1930,990,670
CECIL,540,70,360,90,20
CENTRAL SUBZONE,1430,210,800,320,100
CENTRAL WATER CATCHMENT,0,0,0,0,0
CHANGI AIRPORT,0,0,0,0,0
CHANGI BAY,0,0,0,0,0
CHANGI POINT,560,40,140,170,210
CHANGI WEST,1420,490,700,150,80
CHATSWORTH,7730,1570,3370,1680,1110
CHENG SAN,26970,3760,10300,6140,6770
CHIN BEE,0,0,0,0,0
CHINA SQUARE,1310,80,410,320,500
CHINATOWN,10100,1630,4050,2150,2270
CHOA CHU KANG CENTRAL,21990,4240,9260,5390,3100
CHOA CHU KANG NORTH,30820,4930,12850,8600,4440
CHONG BOON,25160,3180,9050,5720,7210
CITY HALL,140,10,70,60,0
CITY TERMINALS,0,0,0,0,0
CLARKE QUAY,120,10,60,40,10
CLEANTECH,0,0,0,0,0
CLEMENTI CENTRAL,14540,2530,5470,3100,3440
CLEMENTI NORTH,30800,5220,12350,5960,7270
CLEMENTI WEST,14560,2210,5410,3420,3520
CLEMENTI WOODS,18840,3620,7790,3690,3740
CLIFFORD PIER,0,0,0,0,0
COMMONWEALTH,6560,710,2210,1740,1900
COMPASSVALE,21590,5500,10520,3290,2280
CONEY ISLAND,0,0,0,0,0
CORONATION ROAD,7480,1950,2970,1330,1230
CRAWFORD,7720,740,2290,2010,2680
DAIRY FARM,7880,1780,3410,1720,970
DEFU INDUSTRIAL PARK,0,0,0,0,0
DEPOT ROAD,6530,1330,2710,1310,1180
DHOBY GHAUT,540,80,320,100,40
DOVER,11290,2060,4230,2450,2550
DUNEARN,4040,890,1370,960,820
EAST COAST,0,0,0,0,0
EVERTON PARK,7520,910,3010,1620,1980
FABER,8090,2380,3790,1200,720
FAJAR,26440,5430,11250,5650,4110
FARRER COURT,7350,1940,3030,1390,990
FARRER PARK,2560,350,1030,570,610
FERNVALE,69020,17600,32370,11510,7540
FLORA DRIVE,16300,3150,6950,3800,2400
FOREST HILL,0,0,0,0,0
FORT CANNING,210,30,80,70,30
FRANKEL,35040,7540,13660,7360,6480
GALI BATU,0,0,0,0,0
GARDEN,270,30,170,40,30
GEYLANG BAHRU,10410,1180,3710,2740,2780
GEYLANG EAST,32850,5720,13970,6350,6810
GHIM MOH,13150,2370,5010,2430,3340
GOMBAK,9760,1790,4030,2160,1780
GOODWOOD PARK,1490,410,640,260,180
GREENWOOD PARK,0,0,0,0,0
GUILIN,12840,2230,5120,3160,2330
GUL BASIN,0,0,0,0,0
GUL CIRCLE,0,0,0,0,0
HENDERSON HILL,12770,1680,4440,2920,3730
HILLCREST,9880,2530,3700,2010,1640
HILLVIEW,20670,3620,8360,5360,3330
HOLLAND DRIVE,12010,1300,4290,2820,3600
HOLLAND ROAD,11640,2980,4430,2420,1810
HONG KAH,52270,8660,20630,11520,11460
HONG KAH NORTH,25180,3910,9830,6120,5320
HOUGANG CENTRAL,4740,700,1920,1110,1010
HOUGANG EAST,23810,4130,10350,5090,4240
HOUGANG WEST,43700,6100,17020,10430,10150
INSTITUTION HILL,3780,880,1780,700,420
INTERNATIONAL BUSINESS PARK,0,0,0,0,0
ISTANA NEGARA,0,0,0,0,0
JELEBU,29960,4550,12040,7540,5830
JOO KOON,0,0,0,0,0
JOO SENG,7940,1420,3300,1620,1600
JURONG GATEWAY,560,110,310,110,30
JURONG ISLAND AND BUKOM,0,0,0,0,0
JURONG PORT,0,0,0,0,0
JURONG RIVER,0,0,0,0,0
JURONG WEST CENTRAL,61940,12480,27440,13350,8670
KAKI BUKIT,35450,5310,14210,7870,8060
KALLANG BAHRU,0,0,0,0,0
KALLANG WAY,0,0,0,0,0
KAMPONG BUGIS,1620,290,830,220,280
KAMPONG GLAM,120,0,50,30,40
KAMPONG JAVA,10380,1550,4070,2330,2430
KAMPONG TIONG BAHRU,9790,1300,3640,2110,2740
KAMPONG UBI,13700,2260,6370,2540,2530
KANGKAR,34980,6950,15150,7040,5840
KATONG,9460,1760,3870,2050,1780
KEAT HONG,39370,9810,18810,7100,3650
KEBUN BAHRU,22000,3130,8080,5070,5720
KEMBANGAN,35890,5360,13490,7930,9110
KENT RIDGE,2260,550,1330,330,50
KHATIB,9820,1310,3790,2410,2310
KIAN TECK,0,0,0,0,0
KIM KEAT,8730,1230,3470,1850,2180
KOVAN,27320,5290,11420,5580,5030
KRANJI,0,0,0,0,0
LAKESIDE (BUSINESS),0,0,0,0,0
LAKESIDE (LEISURE),570,50,110,120,290
LAVENDER,10210,1620,4170,2270,2150
LEEDON PARK,6900,1480,2620,1520,1280
LEONIE HILL,3850,750,1700,900,500
LIM CHU KANG,0,0,0,0,0
LITTLE INDIA,3040,320,1120,710,890
LIU FANG,0,0,0,0,0
LORONG 8 TOA PAYOH,6720,750,2290,1660,2020
LORONG AH SOO,31600,4570,12260,7260,7510
LORONG CHUAN,8560,1620,3300,2000,1640
LORONG HALUS,0,0,0,0,0
LORONG HALUS NORTH,0,0,0,0,0
LOWER SELETAR,19160,5830,9330,2810,1190
LOYANG EAST,2050,300,760,530,460
LOYANG WEST,550,0,0,50,500
MACKENZIE,130,10,90,30,0
MACPHERSON,26880,3850,10190,6430,6410
MALCOLM,3230,870,1160,610,590
MANDAI EAST,0,0,0,0,0
MANDAI ESTATE,2120,390,900,510,320
MANDAI WEST,0,0,0,0,0
MARGARET DRIVE,24160,4440,10560,4530,4630
MARINA CENTRE,0,0,0,0,0
MARINA EAST,0,0,0,0,0
MARINA EAST (MP),0,0,0,0,0
MARINA SOUTH,0,0,0,0,0
MARINE PARADE,27150,5000,9830,6000,6320
MARITIME SQUARE,4840,1110,2040,1050,640
MARYMOUNT,28810,5130,11470,6560,5650
MATILDA,52990,14780,25760,7910,4540
MAXWELL,0,0,0,0,0
MEI CHIN,16490,2480,6440,3880,3690
MIDVIEW,34390,6460,15380,8290,4260
MONK'S HILL,1190,270,510,260,150
MOULMEIN,11240,3080,4960,1970,1230
MOUNT EMILY,2090,410,1160,350,170
MOUNT PLEASANT,740,150,250,170,170
MOUNTBATTEN,10130,2080,3950,2220,1880
MURAI,600,120,350,100,30
NASSIM,10600,2620,4140,2160,1680
NATIONAL UNIVERSITY OF S'PORE,290,60,190,40,0
NATURE RESERVE,4010,800,1540,1010,660
NEE SOON,1050,200,410,300,140
NEWTON CIRCUS,310,80,130,70,30
NICOLL,310,30,180,70,30
NORTH COAST,11450,1460,4370,3040,2580
NORTH-EASTERN ISLANDS,0,0,0,0,0
NORTHLAND,27100,4310,10920,6560,5310
NORTHSHORE,18440,4610,9210,2780,1840
ONE NORTH,1020,270,470,220,60
ONE TREE HILL,2330,440,880,570,440
ORANGE GROVE,2100,410,740,530,420
OXLEY,1650,330,700,330,290
PANDAN,0,0,0,0,0
PANG SUA,0,0,0,0,0
PARK,0,0,0,0,0
PASIR PANJANG 1,4760,900,2040,1070,750
PASIR PANJANG 2,3540,640,1480,750,670
PASIR RIS CENTRAL,31760,6180,13810,7540,4230
PASIR RIS DRIVE,51690,8270,21030,13410,8980
PASIR RIS PARK,7880,1960,3650,1730,540
PASIR RIS WAFER FAB PARK,0,0,0,0,0
PASIR RIS WEST,34940,6260,14780,9280,4620
PATERSON,350,80,150,90,30
PAYA LEBAR EAST,0,0,0,0,0
PAYA LEBAR NORTH,0,0,0,0,0
PAYA LEBAR WEST,0,0,0,0,0
PEARL'S HILL,5110,510,1310,1280,2010
PEI CHUN,9950,1300,3420,2570,2660
PENG SIANG,33880,6470,14690,7650,5070
PENJURU CRESCENT,0,0,0,0,0
PEOPLE'S PARK,300,0,180,40,80
PHILLIP,0,0,0,0,0
PIONEER SECTOR,0,0,0,0,0
PLAB,0,0,0,0,0
PLANTATION,7700,1660,4490,930,620
PORT,120,20,60,10,30
POTONG PASIR,12940,1830,5130,2560,3420
PULAU PUNGGOL BARAT,0,0,0,0,0
PULAU PUNGGOL TIMOR,0,0,0,0,0
PULAU SELETAR,0,0,0,0,0
PUNGGOL CANAL,0,0,0,0,0
PUNGGOL FIELD,48560,11720,20540,10240,6060
PUNGGOL TOWN CENTRE,25240,7320,12730,3430,1760
QUEENSWAY,260,30,120,70,40
RAFFLES PLACE,0,0,0,0,0
REDHILL,10960,2210,4550,2350,1850
RESERVOIR VIEW,0,0,0,0,0
RIDOUT,1530,330,550,320,330
RIVERVALE,62660,12220,26540,14410,9490
ROBERTSON QUAY,4120,1000,1920,850,350
ROCHOR CANAL,0,0,0,0,0
SAFTI,0,0,0,0,0
SAMULUN,0,0,0,0,0
SAUJANA,25000,5470,10880,5120,3530
SELEGIE,0,0,0,0,0
SELETAR,280,50,100,110,20
SELETAR AEROSPACE PARK,0,0,0,0,0
SELETAR HILLS,15420,2820,5790,3560,3250
SEMAKAU,0,0,0,0,0
SEMBAWANG CENTRAL,35390,7620,15530,7850,4390
SEMBAWANG EAST,23490,6350,12210,3430,1500
SEMBAWANG HILLS,6970,1380,2510,1570,1510
SEMBAWANG NORTH,25740,5420,11210,5810,3300
SEMBAWANG SPRINGS,9570,2370,4350,1840,1010
SEMBAWANG STRAITS,2390,540,990,550,310
SENGKANG TOWN CENTRE,60520,12450,26860,12820,8390
SENGKANG WEST,0,0,0,0,0
SENJA,23820,5100,10390,4690,3640
SENNETT,16600,4220,8160,2030,2190
SENOKO NORTH,0,0,0,0,0
SENOKO SOUTH,0,0,0,0,0
SENOKO WEST,0,0,0,0,0
SENTOSA,2470,590,950,690,240
SERANGOON CENTRAL,22600,2870,8780,4940,6010
SERANGOON GARDEN,37460,5970,14160,7870,9460
SERANGOON NORTH,15220,2410,6190,3680,2940
SERANGOON NORTH IND ESTATE,0,0,0,0,0
SHANGRI-LA,17460,2880,6350,3880,4350
SHIPYARD,0,0,0,0,0
SIGLAP,7390,1180,2790,1570,1850
SIMEI,38490,6580,15390,8980,7540
SIMPANG NORTH,0,0,0,0,0
SIMPANG SOUTH,0,0,0,0,0
SINGAPORE GENERAL HOSPITAL,0,0,0,0,0
SINGAPORE POLYTECHNIC,160,50,80,30,0
SOMERSET,200,30,90,50,30
SOUTHERN GROUP,0,0,0,0,0
SPRINGLEAF,4380,740,1650,1050,940
STRAITS VIEW,0,0,0,0,0
SUDONG,0,0,0,0,0
SUNGEI ROAD,1900,300,650,420,530
SUNSET WAY,5490,850,1920,1220,1500
SWISS CLUB,6120,1510,2390,1180,1040
TAGORE,7960,1350,2880,1850,1880
TAI SENG,12970,2050,4770,2980,3170
TAMAN JURONG,39010,7960,16550,8660,5840
TAMPINES EAST,128250,21720,51580,28930,26020
TAMPINES NORTH,32840,9690,18180,2800,2170
TAMPINES WEST,83270,15910,35380,17160,14820
TANGLIN,590,120,240,150,80
TANGLIN HALT,5860,1020,2540,1030,1270
TANJONG IRAU,0,0,0,0,0
TANJONG PAGAR,930,80,580,180,90
TANJONG RHU,11470,2170,4490,2900,1910
TEBAN GARDENS,17500,2840,6700,3870,4090
TECK WHYE,24570,3670,9800,6070,5030
TELOK BLANGAH DRIVE,19100,3380,7780,3720,4220
TELOK BLANGAH RISE,11540,1450,3930,2480,3680
TELOK BLANGAH WAY,8350,1070,2760,2050,2470
TENGAH INDUSTRIAL ESTATE,0,0,0,0,0
TENGEH,0,0,0,0,0
THE WHARVES,0,0,0,0,0
TIONG BAHRU,12140,2000,5100,2360,2680
TIONG BAHRU STATION,14570,2460,5800,3220,3090
TOA PAYOH CENTRAL,27450,4760,10710,6150,5830
TOA PAYOH WEST,13980,1970,5100,3180,3730
TOH GUAN,13830,1980,5640,3350,2860
TOH TUCK,0,0,0,0,0
TOWNSVILLE,20010,2830,7330,4330,5520
TRAFALGAR,49100,8700,19920,11730,8750
TUAS BAY,0,0,0,0,0
TUAS NORTH,0,0,0,0,0
TUAS PROMENADE,0,0,0,0,0
TUAS VIEW,0,0,0,0,0
TUAS VIEW EXTENSION,0,0,0,0,0
TUKANG,0,0,0,0,0
TURF CLUB,690,100,250,160,180
TYERSALL,4230,930,1620,920,760
ULU PANDAN,11300,2450,3990,2460,2400
UPPER PAYA LEBAR,18430,3230,8030,3550,3620
UPPER THOMSON,31700,5940,12230,6580,6950
VICTORIA,1730,150,630,380,570
WATERWAY EAST,54280,15250,26100,8260,4670
WENYA,8210,2010,3580,1560,1060
WEST COAST,10130,2760,4490,1810,1070
WOODGROVE,32690,5330,14310,8350,4700
WOODLANDS EAST,99870,21100,44840,22770,11160
WOODLANDS REGIONAL CENTRE,0,0,0,0,0
WOODLANDS SOUTH,40160,9000,18140,8620,4400
WOODLANDS WEST,36560,6630,15270,8300,6360
WOODLEIGH,3440,720,1570,690,460
XILIN,1760,260,710,470,320
YEW TEE,39620,7310,16940,10050,5320
YIO CHU KANG,0,0,0,0,0
YIO CHU KANG EAST,4380,830,1670,950,930
YIO CHU KANG NORTH,0,0,0,0,0
YIO CHU KANG WEST,23580,3800,8730,5520,5530
YISHUN CENTRAL,2890,520,1310,640,420
YISHUN EAST,71920,16690,33020,13400,8810
YISHUN SOUTH,41520,7230,17320,9260,7710
YISHUN WEST,51760,7730,20360,12820,10850
YUHUA EAST,23530,3250,8850,5270,6160
YUHUA WEST,18550,2870,7110,4320,4250
YUNNAN,66580,11770,28380,15730,10700
